city,Revenue
Manchester,157807.809631348
London,124823.539794922
Liverpool,118008.26965332
Cowes,78240.83984375
