MONTH_ID,PRODUCTLINE,Revenue,(No column name)
11,Classic Cars,372231.88861084,105
11,Vintage Cars,233990.33984375,65
11,Motorcycles,151711.85949707,39
11,Trucks and Buses,123811.140014648,29
11,Planes,121130.700073242,36
11,Ships,63900.8498535156,21
11,Trains,22271.2297363281,6
