MONTH_ID,Revenue,Frequency
11,1029837.66271973,296
10,568290.971557617,158
9,263973.360961914,76
12,261876.459899902,70
4,201609.551086426,58
8,197809.300048828,58
5,192673.109985352,58
7,187731.880493164,50
3,174504.900085449,50
6,168082.56072998,46
2,140836.189941406,41
1,129753.599731445,39
