MONTH_ID,PRODUCTLINE,Revenue,(No column name)
11,Classic Cars,452924.371887207,114
11,Vintage Cars,184673.399841309,66
11,Trucks and Buses,127062.920166016,33
11,Motorcycles,109345.500610352,31
11,Ships,79174.8000488281,27
11,Planes,54133.2701416016,16
11,Trains,22523.4000244141,9
