PRODUCTLINE,Revenue
Classic Cars,3919615.6607666
Vintage Cars,1903150.83557129
Motorcycles,1166388.3392334
Trucks and Buses,1127789.84326172
Planes,975003.571350098
Ships,714437.130126953
Trains,226243.468994141
