MONTH_ID,Revenue,Frequency
5,457861.06036377,120
3,374262.759765625,106
2,358186.178710938,97
1,339543.419616699,99
4,261633.290222168,56
